Count,Tradelist Count,Name,Edition,Card Number,Condition,Language,Foil,Signed,Artist Proof,Altered Art,Misprint,Promo,Textless,My Price
1,0,Abandon Reason,Eldritch Moon,115,Near Mint,English,,,,,,,,
1,0,Aberrant Researcher,Shadows over Innistrad,49,Near Mint,English,,,,,,,,
1,0,Abundance,Duel Decks: Nissa vs. Ob Nixilis,2,Near Mint,English,,,,,,,,0
3,0,Abundant Maw,Eldritch Moon,1,Near Mint,English,,,,,,,,0
1,0,Abundant Maw,Eldritch Moon,1,Near Mint,English,foil,,,,,,,0
1,0,Academy Elite,Commander 2016,81,Near Mint,English,,,,,,,,0
5,0,Accomplished Automaton,Kaladesh,191,Near Mint,English,,,,,,,,
5,0,Acrobatic Maneuver,Kaladesh,1,Near Mint,English,,,,,,,,
4,0,Advanced Stitchwing,Eldritch Moon,49,Near Mint,English,,,,,,,,
1,0,Aeon Chronicler,Commander 2016,82,Near Mint,English,,,,,,,,0
1,0,Aether Chaser,Aether Revolt,76,Near Mint,English,,,,,,,,
1,0,Aether Herder,Aether Revolt,102,Near Mint,English,,,,,,,,
1,0,Aether Meltdown,Kaladesh,36,Near Mint,English,,,,,,,,
1,0,Aether Poisoner,Aether Revolt,51,Near Mint,English,,,,,,,,
3,0,Aether Theorist,Kaladesh,37,Near Mint,English,,,,,,,,
8,0,Aether Tradewinds,Kaladesh,38,Near Mint,English,,,,,,,,
1,0,Aetherborn Marauder,Kaladesh,71,Near Mint,English,,,,,,,,
1,0,Aetherflux Reservoir,Kaladesh,192,Near Mint,English,,,,,,,,
1,0,Aetherstorm Roc,Kaladesh,3,Near Mint,English,,,,,,,,
4,0,Aim High,Shadows over Innistrad,193,Near Mint,English,,,,,,,,
6,0,Alchemist's Greeting,Eldritch Moon,116,Near Mint,English,,,,,,,,
1,0,Alms of the Vein,Shadows over Innistrad,98,Near Mint,English,,,,,,,,
1,0,Altar's Reap,Duel Decks: Nissa vs. Ob Nixilis,37,Near Mint,English,,,,,,,,0
1,0,Altered Ego,Shadows over Innistrad,241,Near Mint,English,,,,,,,,
1,0,Ambition's Cost,Duel Decks: Nissa vs. Ob Nixilis,38,Near Mint,English,,,,,,,,0
5,0,Ambitious Aetherborn,Kaladesh,72,Near Mint,English,,,,,,,,
1,0,Ancient Excavation,Commander 2016,27,Near Mint,English,,,,,,,,0
1,0,Angelic Purge,Shadows over Innistrad,3,Near Mint,English,,,,,,,,
1,0,Anguished Unmaking,Shadows over Innistrad,242,Near Mint,English,,,,,,,,0
6,0,Apothecary Geist,Shadows over Innistrad,4,Near Mint,English,,,,,,,,
2,0,Appetite for the Unnatural,Kaladesh,141,Near Mint,English,,,,,,,,
4,0,Aradara Express,Kaladesh,195,Near Mint,English,,,,,,,,
2,0,Arborback Stomper,Kaladesh,142,Near Mint,English,,,,,,,,
1,0,Arlinn Kord,Shadows over Innistrad,243,Near Mint,English,,,,,,,,
1,0,Armorcraft Judge,Kaladesh,144,Near Mint,English,,,,,,,,
1,0,Army of the Damned,Commander 2016,105,Near Mint,English,,,,,,,,0
1,0,Ash Barrens,Commander 2016,56,Near Mint,English,,,,,,,,0
1,0,Assembled Alphas,Eldritch Moon,117,Near Mint,English,,,,,,,,
4,0,Asylum Visitor,Shadows over Innistrad,99,Near Mint,English,,,,,,,,
4,0,Attune with Aether,Kaladesh,145,Near Mint,English,,,,,,,,
2,0,Augmenting Automaton,Aether Revolt,143,Near Mint,English,,,,,,,,
2,0,Authority of the Consuls,Kaladesh,5,Near Mint,English,,,,,,,,
4,0,Avacyn's Judgment,Shadows over Innistrad,145,Near Mint,English,,,,,,,,
3,0,Aviary Mechanic,Kaladesh,6,Near Mint,English,,,,,,,,
8,0,Backwoods Survivalists,Eldritch Moon,150,Near Mint,English,,,,,,,,0
1,0,Bala Ged Scorpion,Duel Decks: Nissa vs. Ob Nixilis,39,Near Mint,English,,,,,,,,0
4,0,Ballista Charger,Kaladesh,196,Near Mint,English,,,,,,,,
4,0,Bastion Mastodon,Kaladesh,197,Near Mint,English,,,,,,,,
1,0,Biting Rain,Shadows over Innistrad,102,Near Mint,English,,,,,,,,
1,0,Bituminous Blast,Commander 2016,182,Near Mint,English,,,,,,,,0
2,0,Blistergrub,Duel Decks: Nissa vs. Ob Nixilis,40,Near Mint,English,,,,,,,,0
5,0,Blood Mist,Eldritch Moon,119,Near Mint,English,,,,,,,,
1,0,Blood Tyrant,Commander 2016,183,Near Mint,English,,,,,,,,0
1,0,Bloodbraid Elf,Commander 2016,184,Near Mint,English,,,,,,,,0
9,0,Bloodbriar,Eldritch Moon,151,Near Mint,English,,,,,,,,0
4,0,Bloodhall Priest,Eldritch Moon,181,Near Mint,English,,,,,,,,
6,0,Bloodmad Vampire,Shadows over Innistrad,146,Near Mint,English,,,,,,,,
1,0,Blossoming Defense,Kaladesh,146,Near Mint,English,,,,,,,,
10,0,Bold Impaler,Eldritch Moon,120,Near Mint,English,,,,,,,,
2,0,Bomat Bazaar Barge,Kaladesh,198,Near Mint,English,,,,,,,,
1,0,Boompile,Commander 2016,52,Near Mint,English,,,,,,,,0
5,0,Boon of Emrakul,Eldritch Moon,81,Near Mint,English,,,,,,,,0
6,0,Borrowed Grace,Eldritch Moon,14,Near Mint,English,,,,,,,,
8,0,Borrowed Hostility,Eldritch Moon,121,Near Mint,English,,,,,,,,
8,0,Borrowed Malevolence,Eldritch Moon,82,Near Mint,English,,,,,,,,0
1,0,Brain in a Jar,Shadows over Innistrad,252,Near Mint,English,,,,,,,,
2,0,Brazen Scourge,Kaladesh,107,Near Mint,English,,,,,,,,
3,0,Brazen Wolves,Eldritch Moon,122,Near Mint,English,,,,,,,,
1,0,Briarbridge Patrol,Shadows over Innistrad,195,Near Mint,English,,,,,,,,
2,0,Briarhorn,Duel Decks: Nissa vs. Ob Nixilis,3,Near Mint,English,,,,,,,,0
1,0,Bristling Hydra,Kaladesh,147,Near Mint,English,,,,,,,,
2,0,Broken Concentration,Shadows over Innistrad,50,Near Mint,English,,,,,,,,0
1,0,"Bruna, the Fading Light",Eldritch Moon,15,Near Mint,English,,,,,,,,
3,0,Built to Last,Kaladesh,7,Near Mint,English,,,,,,,,
2,0,Built to Smash,Kaladesh,108,Near Mint,English,,,,,,,,
1,0,Burgeoning,Commander 2016,143,Near Mint,English,,,,,,,,0
1,0,Burn from Within,Shadows over Innistrad,148,Near Mint,English,,,,,,,,
2,0,Byway Courier,Shadows over Innistrad,196,Near Mint,English,,,,,,,,
1,0,Cadaver Imp,Duel Decks: Nissa vs. Ob Nixilis,41,Near Mint,English,,,,,,,,0
2,0,Call the Bloodline,Friday Night Magic,199,Near Mint,English,foil,,,,,,,0
3,0,Campaign of Vengeance,Eldritch Moon,182,Near Mint,English,,,,,,,,0
2,0,Carrier Thrall,Duel Decks: Nissa vs. Ob Nixilis,42,Near Mint,English,,,,,,,,0
1,0,Cathar's Companion,Shadows over Innistrad,9,Near Mint,English,,,,,,,,
8,0,Cathar's Shield,Eldritch Moon,192,Near Mint,English,,,,,,,,
4,0,Cathartic Reunion,Kaladesh,109,Near Mint,English,,,,,,,,
7,0,Cemetery Recruitment,Eldritch Moon,83,Near Mint,English,,,,,,,,0
1,0,Ceremonious Rejection,Kaladesh,40,Near Mint,English,,,,,,,,
5,0,Certain Death,Eldritch Moon,84,Near Mint,English,,,,,,,,
1,0,Chain of Vapor,Commander 2016,84,Near Mint,English,,,,,,,,0
6,0,Chandra's Pyrohelix,Kaladesh,111,Near Mint,English,,,,,,,,
1,0,Chandra's Revolution,Aether Revolt,77,Near Mint,English,,,,,,,,
1,0,Chaos Warp,Commander 2016,122,Near Mint,English,,,,,,,,0
1,0,Chief of the Foundry,Kaladesh,200,Near Mint,English,,,,,,,,
2,0,Chilling Grasp,Eldritch Moon,50,Near Mint,English,,,,,,,,
1,0,Choked Estuary,Shadows over Innistrad,270,Near Mint,English,,,,,,,,0
4,0,Choking Restraints,Eldritch Moon,16,Near Mint,English,,,,,,,,0
1,0,Chromatic Lantern,Commander 2016,247,Near Mint,English,,,,,,,,0
1,0,Cinder Barrens,Oath of the Gatewatch,168,Near Mint,English,,,,,,,,
2,0,Citanul Woodreaders,Duel Decks: Nissa vs. Ob Nixilis,4,Near Mint,English,,,,,,,,0
2,0,Civic Wayfinder,Duel Decks: Nissa vs. Ob Nixilis,5,Near Mint,English,,,,,,,,0
4,0,Clear Shot,Eldritch Moon,152,Near Mint,English,,,,,,,,0
2,0,Clip Wings,Shadows over Innistrad,197,Near Mint,English,,,,,,,,0
1,0,Cloudblazer,Kaladesh,176,Near Mint,English,,,,,,,,
1,0,Cloudthresher,Duel Decks: Nissa vs. Ob Nixilis,6,Near Mint,English,,,,,,,,0
2,0,Clue,Extras: Shadows over Innistrad,11,Near Mint,English,,,,,,,,
1,0,Clue,Extras: Shadows over Innistrad,12,Near Mint,English,,,,,,,,0
1,0,Clue,Extras: Shadows over Innistrad,13,Near Mint,English,,,,,,,,0
2,0,Clue,Extras: Shadows over Innistrad,14,Near Mint,English,,,,,,,,0
1,0,Clue,Extras: Shadows over Innistrad,15,Near Mint,English,,,,,,,,0
3,0,Clue,Extras: Shadows over Innistrad,16,Near Mint,English,,,,,,,,0
1,0,Coax from the Blind Eternities,Eldritch Moon,51,Near Mint,English,,,,,,,,
2,0,Cogwork Assembler,Aether Revolt,145,Near Mint,English,,,,,,,,
3,0,Cogworker's Puzzleknot,Kaladesh,201,Near Mint,English,,,,,,,,
1,0,Coiling Oracle,Commander 2016,188,Near Mint,English,,,,,,,,0
4,0,Collective Brutality,Eldritch Moon,85,Near Mint,English,,,,,,,,
1,0,Command Tower,Commander 2016,286,Near Mint,English,,,,,,,,0
1,0,Commander's Sphere,Commander 2016,248,Near Mint,English,,,,,,,,0
6,0,Commencement of Festivities,Kaladesh,148,Near Mint,English,,,,,,,,
2,0,Concealed Courtyard,Kaladesh,245,Near Mint,English,,,,,,,,
1,0,Conduit of Storms,Eldritch Moon,124,Near Mint,English,,,,,,,,
2,0,Confront the Unknown,Shadows over Innistrad,198,Near Mint,English,,,,,,,,
3,0,Consul's Shieldguard,Kaladesh,11,Near Mint,English,,,,,,,,
1,0,Consulate Crackdown,Aether Revolt,11,Near Mint,English,,,,,,,,
6,0,Consulate Skygate,Kaladesh,202,Near Mint,English,,,,,,,,
3,0,Consulate Surveillance,Kaladesh,10,Near Mint,English,,,,,,,,
1,0,Consuming Aberration,Commander 2016,189,Near Mint,English,,,,,,,,0
3,0,Contingency Plan,Eldritch Moon,52,Near Mint,English,,,,,,,,0
1,0,Contraband Kingpin,Kaladesh,177,Near Mint,English,,,,,,,,
1,0,Conviction,Aether Revolt,12,Near Mint,English,,,,,,,,
4,0,Convolute,Eldritch Moon,53,Near Mint,English,,,,,,,,0
1,0,Courageous Outrider,Eldritch Moon,18,Near Mint,English,foil,,,,,,,0
3,0,Courageous Outrider,Eldritch Moon,18,Near Mint,English,,,,,,,,
5,0,Cowl Prowler,Kaladesh,149,Near Mint,English,,,,,,,,
2,0,Crawling Sensation,Shadows over Innistrad,199,Near Mint,English,,,,,,,,0
1,0,Creeping Dread,Shadows over Innistrad,104,Near Mint,English,,,,,,,,
2,0,Creeping Mold,Kaladesh,150,Near Mint,English,,,,,,,,
1,0,Crop Rotation,Duel Decks: Nissa vs. Ob Nixilis,7,Near Mint,English,,,,,,,,0
2,0,Crop Sigil,Eldritch Moon,153,Near Mint,English,,,,,,,,
9,0,Crossroads Consecrator,Eldritch Moon,154,Near Mint,English,,,,,,,,
1,0,Crow of Dark Tidings,Shadows over Innistrad,105,Near Mint,English,,,,,,,,0
1,0,Cruel Entertainment,Commander 2016,11,Near Mint,English,,,,,,,,0
1,0,Cruel Finality,Aether Revolt,54,Near Mint,English,,,,,,,,
1,0,Crumbling Necropolis,Commander 2016,287,Near Mint,English,,,,,,,,0
1,0,Crumbling Vestige,Friday Night Magic,195,Near Mint,English,,,,,,,,0
4,0,Cryptbreaker,Eldritch Moon,86,Near Mint,English,,,,,,,,
2,0,Cryptolith Fragment,Eldritch Moon,193,Near Mint,English,,,,,,,,
1,0,Cult of the Waxing Moon,Shadows over Innistrad,201,Near Mint,English,,,,,,,,0
8,0,Cultist's Staff,Eldritch Moon,194,Near Mint,English,,,,,,,,
5,0,Curio Vendor,Kaladesh,42,Near Mint,English,,,,,,,,
2,0,Curious Homunculus,Eldritch Moon,54,Near Mint,English,,,,,,,,0
1,0,Curtains' Call,Commander 2016,13,Near Mint,English,,,,,,,,0
1,0,Dance with Devils,Shadows over Innistrad,150,Near Mint,English,,,,,,,,
1,0,Daring Sleuth,Shadows over Innistrad,54,Near Mint,English,,,,,,,,
2,0,Dark Salvation,Eldritch Moon,87,Near Mint,English,,,,,,,,
2,0,Dauntless Cathar,Shadows over Innistrad,11,Near Mint,English,,,,,,,,0
6,0,Dawn Gryff,Eldritch Moon,19,Near Mint,English,,,,,,,,
3,0,Dead Weight,Shadows over Innistrad,106,Near Mint,English,,,,,,,,0
1,0,Deadlock Trap,Kaladesh,204,Near Mint,English,,,,,,,,
4,0,Deathcap Cultivator,Shadows over Innistrad,202,Near Mint,English,,,,,,,,
1,0,Decimate,Commander 2016,193,Near Mint,English,,,,,,,,0
3,0,Decimator of the Provinces,Eldritch Moon,2,Near Mint,English,,,,,,,,
1,0,Decoction Module,Kaladesh,205,Near Mint,English,,,,,,,,
4,0,Demolish,Kaladesh,113,Near Mint,English,,,,,,,,
1,0,Demolition Stomper,Kaladesh,206,Near Mint,English,,,,,,,,
1,0,Demon of Dark Schemes,Kaladesh,73,Near Mint,English,,,,,,,,
1,0,Demon's Grasp,Duel Decks: Nissa vs. Ob Nixilis,43,Near Mint,English,,,,,,,,0
4,0,Deny Existence,Shadows over Innistrad,55,Near Mint,English,,,,,,,,
3,0,Deranged Whelp,Eldritch Moon,125,Near Mint,English,,,,,,,,
1,0,Desecration Demon,Duel Decks: Nissa vs. Ob Nixilis,44,Near Mint,English,,,,,,,,0
3,0,Desperate Sentry,Eldritch Moon,21,Near Mint,English,,,,,,,,0
1,0,Despoiler of Souls,Duel Decks: Nissa vs. Ob Nixilis,45,Near Mint,English,,,,,,,,0
1,0,Devastation Tide,Commander 2016,87,Near Mint,English,,,,,,,,0
2,0,Devil,Extras: Shadows over Innistrad,6,Near Mint,English,,,,,,,,
3,0,Dhund Operative,Kaladesh,74,Near Mint,English,,,,,,,,
1,0,Diabolic Tutor,Kaladesh,75,Near Mint,English,,,,,,,,
6,0,Die Young,Kaladesh,76,Near Mint,English,,,,,,,,
3,0,Diregraf Colossus,Shadows over Innistrad,107,Near Mint,English,,,,,,,,
2,0,Disappearing Act,Kaladesh,43,Near Mint,English,,,,,,,,
1,0,Disfigure,Duel Decks: Nissa vs. Ob Nixilis,46,Near Mint,English,,,,,,,,0
1,0,Dismal Backwater,Commander 2016,291,Near Mint,English,,,,,,,,0
7,0,Displace,Eldritch Moon,55,Near Mint,English,,,,,,,,
6,0,Distemper of the Blood,Eldritch Moon,126,Near Mint,English,,,,,,,,
1,0,Distended Mindbender,Eldritch Moon,3,Near Mint,English,,,,,,,,0
1,0,Docent of Perfection,Eldritch Moon,56,Near Mint,English,,,,,,,,
2,0,Doom Blade,Duel Decks: Nissa vs. Ob Nixilis,47,Near Mint,English,,,,,,,,0
4,0,Drag Under,Eldritch Moon,57,Near Mint,English,,,,,,,,0
1,0,Dragon Mage,Commander 2016,124,Near Mint,English,,,,,,,,0
5,0,Dramatic Reversal,Kaladesh,44,Near Mint,English,,,,,,,,
3,0,"Drana, Liberator of Malakir",Battle for Zendikar,109,Near Mint,English,,,,,,,,
1,0,Drogskol Cavalry,Shadows over Innistrad,15,Near Mint,English,,,,,,,,
2,0,Drogskol Shieldmate,Eldritch Moon,22,Near Mint,English,,,,,,,,
1,0,Drownyard Behemoth,Eldritch Moon,4,Near Mint,English,,,,,,,,
1,0,Drownyard Temple,Shadows over Innistrad,271,Near Mint,English,,,,,,,,
2,0,Druid of the Cowl,Aether Revolt,106,Near Mint,English,,,,,,,,
1,0,Dubious Challenge,Kaladesh,152,Near Mint,English,,,,,,,,
2,0,Dukhara Peafowl,Kaladesh,207,Near Mint,English,,,,,,,,
6,0,Dukhara Scavenger,Kaladesh,77,Near Mint,English,,,,,,,,
1,0,Durable Handicraft,Kaladesh,153,Near Mint,English,,,,,,,,
4,0,Dusk Feaster,Eldritch Moon,88,Near Mint,English,,,,,,,,
4,0,Duskwatch Recruiter,Shadows over Innistrad,203,Near Mint,English,,,,,,,,
1,0,Dynavolt Tower,Kaladesh,208,Near Mint,English,,,,,,,,
2,0,Eager Construct,Kaladesh,209,Near Mint,English,,,,,,,,
2,0,Eddytrail Hawk,Kaladesh,12,Near Mint,English,,,,,,,,
6,0,Elder Deep-Fiend,Eldritch Moon,5,Near Mint,English,,,,,,,,
11,0,Eldrazi Horror,Extras: Eldritch Moon,1,Near Mint,English,,,,,,,,
4,0,Eldrazi Mimic,Oath of the Gatewatch,2,Near Mint,English,,,,,,,,
4,0,Eldrazi Skyspawner,Battle for Zendikar,58,Near Mint,English,,,,,,,,
1,0,Eldritch Evolution,Eldritch Moon,155,Near Mint,English,,,,,,,,
2,0,Elegant Edgecrafters,Kaladesh,154,Near Mint,English,,,,,,,,
1,0,Eliminate the Competition,Kaladesh,78,Near Mint,English,,,,,,,,
2,0,Elvish Visionary,Duel Decks: Nissa vs. Ob Nixilis,8,Near Mint,English,,,,,,,,0
2,0,Ember-Eye Wolf,Shadows over Innistrad,154,Near Mint,English,,,,,,,,0
1,0,Emblem: Liliana,Extras: Magic Origins,13,Near Mint,English,,,,,,,,
2,0,"Emblem: Tamiyo, Field Researcher",Extras: Eldritch Moon,10,Near Mint,English,,,,,,,,
2,0,Embraal Bruiser,Kaladesh,79,Near Mint,English,,,,,,,,
1,0,Embraal Gear-Smasher,Aether Revolt,79,Near Mint,English,,,,,,,,
3,0,Emissary of the Sleepless,Shadows over Innistrad,17,Near Mint,English,,,,,,,,
5,0,Empyreal Voyager,Kaladesh,180,Near Mint,English,,,,,,,,
2,0,Emrakul's Evangel,Eldritch Moon,156,Near Mint,English,,,,,,,,
1,0,Emrakul's Influence,Eldritch Moon,157,Near Mint,English,,,,,,,,
2,0,Engineered Might,Kaladesh,181,Near Mint,English,,,,,,,,
1,0,Engulf the Shore,Shadows over Innistrad,58,Near Mint,English,,,,,,,,
6,0,Enlightened Maniac,Eldritch Moon,58,Near Mint,English,,,,,,,,
1,0,Enraged Giant,Aether Revolt,80,Near Mint,English,,,,,,,,
2,0,Epitaph Golem,Shadows over Innistrad,254,Near Mint,English,,,,,,,,
1,0,Equestrian Skill,Shadows over Innistrad,204,Near Mint,English,,,,,,,,
2,0,Era of Innovation,Kaladesh,45,Near Mint,English,,,,,,,,
1,0,Erdwal Illuminator,Shadows over Innistrad,60,Near Mint,English,,,,,,,,
1,0,Essence Extraction,Kaladesh,80,Near Mint,English,,,,,,,,
3,0,Essence Flux,Shadows over Innistrad,61,Near Mint,English,,,,,,,,
4,0,Eternal Scourge,Eldritch Moon,7,Near Mint,English,,,,,,,,
1,0,Etherium-Horn Sorcerer,Commander 2016,197,Near Mint,English,,,,,,,,0
1,0,Evacuation,Commander 2016,91,Near Mint,English,,,,,,,,0
1,0,Ever After,Shadows over Innistrad,109,Near Mint,English,,,,,,,,
1,0,Evolving Wilds,Commander 2016,294,Near Mint,English,,,,,,,,0
1,0,Evolving Wilds,Dragons of Tarkir,248,Near Mint,English,,,,,,,,0
1,0,Exotic Orchard,Commander 2016,295,Near Mint,English,,,,,,,,0
2,0,Experimental Aviator,Kaladesh,46,Near Mint,English,,,,,,,,
5,0,Explosive Apparatus,Shadows over Innistrad,255,Near Mint,English,,,,,,,,0
1,0,Explosive Apparatus,Shadows over Innistrad,255,Near Mint,English,foil,,,,,,,0
3,0,Extricator of Sin,Eldritch Moon,23,Near Mint,English,,,,,,,,0
6,0,Exultant Cultist,Eldritch Moon,59,Near Mint,English,,,,,,,,0
1,0,Fabrication Module,Kaladesh,211,Near Mint,English,,,,,,,,
3,0,Failed Inspection,Kaladesh,47,Near Mint,English,,,,,,,,
1,0,Fairgrounds Trumpeter,Kaladesh,155,Near Mint,English,,,,,,,,
2,0,Fairgrounds Warden,Kaladesh,13,Near Mint,English,,,,,,,,
2,0,Faith Unbroken,Eldritch Moon,24,Near Mint,English,,,,,,,,
8,0,Faithbearer Paladin,Eldritch Moon,25,Near Mint,English,,,,,,,,
4,0,Falkenrath Gorger,Shadows over Innistrad,155,Near Mint,English,,,,,,,,
13,0,Falkenrath Reaver,Eldritch Moon,127,Near Mint,English,,,,,,,,
1,0,Far Wanderings,Commander 2016,148,Near Mint,English,,,,,,,,0
1,0,Farbog Revenant,Shadows over Innistrad,110,Near Mint,English,,,,,,,,0
1,0,Fateful Showdown,Kaladesh,114,Near Mint,English,,,,,,,,
1,0,Fellwar Stone,Commander 2016,254,Near Mint,English,,,,,,,,0
1,0,Fen Hauler,Aether Revolt,58,Near Mint,English,,,,,,,,
2,0,Fertile Thicket,Duel Decks: Nissa vs. Ob Nixilis,27,Near Mint,English,,,,,,,,0
1,0,Fertilid,Duel Decks: Nissa vs. Ob Nixilis,9,Near Mint,English,,,,,,,,0
2,0,Fetid Imp,Duel Decks: Nissa vs. Ob Nixilis,48,Near Mint,English,,,,,,,,0
8,0,Field Creeper,Eldritch Moon,195,Near Mint,English,,,,,,,,
7,0,Fiend Binder,Eldritch Moon,26,Near Mint,English,,,,,,,,0
5,0,Fiery Temper,Shadows over Innistrad,156,Near Mint,English,,,,,,,,
1,0,Filigree Crawler,Aether Revolt,150,Near Mint,English,,,,,,,,
7,0,Fireforger's Puzzleknot,Kaladesh,213,Near Mint,English,,,,,,,,
1,0,Fleeting Memories,Shadows over Innistrad,62,Near Mint,English,,,,,,,,0
7,0,Fogwalker,Eldritch Moon,60,Near Mint,English,,,,,,,,
4,0,Foreboding Ruins,Shadows over Innistrad,272,Near Mint,English,,,,,,,,
15,0,Forest,Shadows over Innistrad,295,Near Mint,English,,,,,,,,0
13,0,Forest,Shadows over Innistrad,296,Near Mint,English,,,,,,,,0
11,0,Forest,Shadows over Innistrad,297,Near Mint,English,,,,,,,,
5,0,Forest,Kaladesh,262,Near Mint,English,,,,,,,,0
1,0,Forest,Kaladesh,263,Near Mint,English,foil,,,,,,,0
3,0,Forest,Kaladesh,263,Near Mint,English,,,,,,,,0
26,0,Forest,Kaladesh,264,Near Mint,English,,,,,,,,
3,0,Fork in the Road,Shadows over Innistrad,205,Near Mint,English,,,,,,,,0
1,0,Forsaken Sanctuary,Shadows over Innistrad,273,Near Mint,English,,,,,,,,
3,0,Fortuitous Find,Kaladesh,81,Near Mint,English,,,,,,,,
1,0,Fortune's Favor,Eldritch Moon,61,Near Mint,English,,,,,,,,
7,0,Foul Emissary,Eldritch Moon,158,Near Mint,English,,,,,,,,0
1,0,Foul Imp,Duel Decks: Nissa vs. Ob Nixilis,49,Near Mint,English,,,,,,,,0
1,0,Foul Orchard,Shadows over Innistrad,275,Near Mint,English,,,,,,,,0
1,0,Foundry Assembler,Aether Revolt,151,Near Mint,English,,,,,,,,
4,0,Foundry Screecher,Kaladesh,82,Near Mint,English,,,,,,,,
2,0,Fourth Bridge Prowler,Aether Revolt,60,Near Mint,English,,,,,,,,
4,0,Fragmentize,Kaladesh,14,Near Mint,English,,,,,,,,
1,0,Frenzied Fugue,Commander 2016,18,Near Mint,English,,,,,,,,0
1,0,Fretwork Colony,Kaladesh,83,Near Mint,English,,,,,,,,
1,0,Frontier Bivouac,Commander 2016,297,Near Mint,English,,,,,,,,0
1,0,Frontline Rebel,Aether Revolt,82,Near Mint,English,,,,,,,,
1,0,Fumigate,Kaladesh,15,Near Mint,English,,,,,,,,
1,0,Furious Reprisal,Kaladesh,115,Near Mint,English,,,,,,,,
2,0,Furtive Homunculus,Shadows over Innistrad,64,Near Mint,English,,,,,,,,
5,0,Furyblade Vampire,Eldritch Moon,128,Near Mint,English,,,,,,,,
1,0,Gaea's Blessing,Duel Decks: Nissa vs. Ob Nixilis,10,Near Mint,English,,,,,,,,0
1,0,Gamekeeper,Commander 2016,151,Near Mint,English,,,,,,,,0
1,0,Gatstaf Arsonists,Shadows over Innistrad,158,Near Mint,English,,,,,,,,
3,0,Gavony Unhallowed,Eldritch Moon,89,Near Mint,English,,,,,,,,0
5,0,Gearseeker Serpent,Kaladesh,48,Near Mint,English,,,,,,,,
3,0,Gearshift Ace,Kaladesh,16,Near Mint,English,,,,,,,,
2,0,Geier Reach Sanitarium,Eldritch Moon,203,Near Mint,English,,,,,,,,
2,0,Geist of the Archives,Eldritch Moon,62,Near Mint,English,,,,,,,,
1,0,Geist of the Lonely Vigil,Eldritch Moon,27,Near Mint,English,,,,,,,,
2,0,Geist-Fueled Scarecrow,Eldritch Moon,196,Near Mint,English,,,,,,,,0
2,0,Geralf's Masterpiece,Shadows over Innistrad,65,Near Mint,English,,,,,,,,0
1,0,Ghastly Conscription,Commander 2016,111,Near Mint,English,,,,,,,,0
2,0,Ghirapur Guide,Kaladesh,156,Near Mint,English,,,,,,,,
1,0,Ghirapur Orrery,Kaladesh,216,Near Mint,English,,,,,,,,
1,0,Ghostly Wings,Shadows over Innistrad,66,Near Mint,English,,,,,,,,
1,0,Ghoulsteed,Shadows over Innistrad,113,Near Mint,English,,,,,,,,0
1,0,Giant Scorpion,Duel Decks: Nissa vs. Ob Nixilis,50,Near Mint,English,,,,,,,,0
3,0,Giant Spectacle,Kaladesh,116,Near Mint,English,,,,,,,,
1,0,Gibbering Fiend,Shadows over Innistrad,161,Near Mint,English,,,,,,,,0
2,0,Gilt-Leaf Seer,Duel Decks: Nissa vs. Ob Nixilis,11,Near Mint,English,,,,,,,,0
1,0,"Gisela, the Broken Blade",Eldritch Moon,28,Mint,English,,,,,,,,0
2,0,Give No Ground,Eldritch Moon,29,Near Mint,English,,,,,,,,0
5,0,Glassblower's Puzzleknot,Kaladesh,217,Near Mint,English,,,,,,,,
1,0,Glimmer of Genius,Kaladesh,49,Near Mint,English,,,,,,,,
1,0,Glint-Eye Nephilim,Commander 2016,201,Near Mint,English,,,,,,,,0
1,0,Glint-Nest Crane,Kaladesh,50,Near Mint,English,,,,,,,,
2,0,Glint-Sleeve Artisan,Kaladesh,17,Near Mint,English,,,,,,,,
1,0,Gloomwidow,Shadows over Innistrad,206,Near Mint,English,,,,,,,,
4,0,Gnarlwood Dryad,Eldritch Moon,159,Near Mint,English,,,,,,,,
1,0,Goblin Spymaster,Commander 2016,19,Near Mint,English,,,,,,,,0
1,0,Goldnight Castigator,Shadows over Innistrad,162,Near Mint,English,,,,,,,,
4,0,Gone Missing,Shadows over Innistrad,67,Near Mint,English,,,,,,,,
1,0,"Gonti, Lord of Luxury",Prerelease Events: Kaladesh,84,Near Mint,English,foil,,,,,,,0
1,0,Graf Harvest,Eldritch Moon,90,Mint,English,foil,,,,,,,0
2,0,Graf Harvest,Eldritch Moon,90,Near Mint,English,,,,,,,,
10,0,Graf Rats,Eldritch Moon,91,Near Mint,English,,,,,,,,0
11,0,Grapple with the Past,Eldritch Moon,160,Near Mint,English,,,,,,,,
4,0,Grasp of Darkness,Oath of the Gatewatch,85,Near Mint,English,,,,,,,,
1,0,Grave Upheaval,Commander 2016,31,Near Mint,English,,,,,,,,0
2,0,Grim Discovery,Duel Decks: Nissa vs. Ob Nixilis,51,Near Mint,English,,,,,,,,0
2,0,Grim Flayer,Eldritch Moon,184,Near Mint,English,,,,,,,,
3,0,Grizzled Angler,Eldritch Moon,63,Near Mint,English,,,,,,,,
2,0,Groundskeeper,Shadows over Innistrad,208,Near Mint,English,,,,,,,,0
7,0,Guardian of Pilgrims,Eldritch Moon,30,Near Mint,English,,,,,,,,0
1,0,Guiltfeeder,Commander 2016,112,Near Mint,English,,,,,,,,0
1,0,Hanweir Garrison,Eldritch Moon,130,Near Mint,English,,,,,,,,
3,0,Harmless Offering,Eldritch Moon,131,Near Mint,English,,,,,,,,
2,0,Harsh Scrutiny,Kaladesh,85,Near Mint,English,,,,,,,,
2,0,Haunted Cloak,Shadows over Innistrad,257,Near Mint,English,,,,,,,,
4,0,Haunted Dead,Eldritch Moon,92,Near Mint,English,,,,,,,,0
1,0,Hedron Crawler,Oath of the Gatewatch,164,Near Mint,English,,,,,,,,
4,0,Heir of Falkenrath,Shadows over Innistrad,116,Near Mint,English,,,,,,,,
2,0,Herald of the Fair,Kaladesh,18,Near Mint,English,,,,,,,,
1,0,Hidden Herbalists,Aether Revolt,110,Near Mint,English,,,,,,,,
1,0,Hidden Stockpile,Aether Revolt,129,Near Mint,English,,,,,,,,
1,0,Hideous End,Duel Decks: Nissa vs. Ob Nixilis,52,Near Mint,English,,,,,,,,0
5,0,Highspire Artisan,Kaladesh,157,Near Mint,English,,,,,,,,
5,0,Hightide Hermit,Kaladesh,51,Near Mint,English,,,,,,,,
7,0,Hijack,Kaladesh,118,Near Mint,English,,,,,,,,
1,0,Hinterland Drake,Aether Revolt,34,Near Mint,English,,,,,,,,
1,0,Hinterland Logger,Shadows over Innistrad,210,Near Mint,English,,,,,,,,
2,0,Hope Against Hope,Shadows over Innistrad,22,Near Mint,English,,,,,,,,
1,0,Horizon Chimera,Commander 2016,204,Near Mint,English,,,,,,,,0
5,0,Hound of the Farbogs,Shadows over Innistrad,117,Near Mint,English,,,,,,,,
1,0,Howlpack Wolf,Shadows over Innistrad,164,Near Mint,English,,,,,,,,
1,0,Hulking Devil,Shadows over Innistrad,165,Near Mint,English,,,,,,,,
1,0,Human,Extras: Eldritch Moon,7,Near Mint,English,,,,,,,,0
3,0,Human Soldier,Extras: Shadows over Innistrad,2,Near Mint,English,,,,,,,,
2,0,Human Wizard,Extras: Eldritch Moon,2,Near Mint,English,,,,,,,,
2,0,Hunt the Weak,Kaladesh,158,Near Mint,English,,,,,,,,
1,0,Identity Thief,Launch Parties,35,Near Mint,English,,,,,,,,0
2,0,Identity Thief,Eldritch Moon,64,Near Mint,English,,,,,,,,
6,0,Impeccable Timing,Kaladesh,19,Near Mint,English,,,,,,,,
2,0,Impetuous Devils,Eldritch Moon,132,Near Mint,English,,,,,,,,
1,0,Implement of Examination,Aether Revolt,156,Near Mint,English,,,,,,,,
1,0,Implement of Improvement,Aether Revolt,158,Near Mint,English,,,,,,,,
1,0,Implement of Malice,Aether Revolt,159,Near Mint,English,,,,,,,,
1,0,In Garruk's Wake,Commander 2016,113,Near Mint,English,,,,,,,,0
1,0,Incendiary Flow,Eldritch Moon,133,Near Mint,English,foil,,,,,,,0
2,0,Incendiary Sabotage,Kaladesh,119,Near Mint,English,,,,,,,,
4,0,Incorrigible Youths,Shadows over Innistrad,166,Near Mint,English,,,,,,,,0
5,0,Indulgent Aristocrat,Shadows over Innistrad,118,Near Mint,English,,,,,,,,
1,0,Indulgent Tormentor,Duel Decks: Nissa vs. Ob Nixilis,53,Near Mint,English,,,,,,,,0
1,0,Inexorable Blob,Shadows over Innistrad,212,Near Mint,English,,,,,,,,0
8,0,Ingenious Skaab,Eldritch Moon,66,Near Mint,English,,,,,,,,
1,0,Inner Struggle,Shadows over Innistrad,167,Near Mint,English,,,,,,,,
1,0,Innocent Blood,Duel Decks: Nissa vs. Ob Nixilis,54,Near Mint,English,,,,,,,,0
1,0,Inquisitor's Ox,Shadows over Innistrad,24,Near Mint,English,foil,,,,,,,0
3,0,Inquisitor's Ox,Shadows over Innistrad,24,Near Mint,English,,,,,,,,0
5,0,Insatiable Gorgers,Eldritch Moon,134,Near Mint,English,,,,,,,,0
3,0,Insect,Extras: Shadows over Innistrad,7,Near Mint,English,,,,,,,,0
1,0,Insidious Will,Kaladesh,52,Near Mint,English,,,,,,,,
8,0,Insolent Neonate,Shadows over Innistrad,168,Near Mint,English,,,,,,,,
2,0,Inspired Charge,Kaladesh,20,Near Mint,English,,,,,,,,
1,0,Inspiring Captain,Shadows over Innistrad,25,Near Mint,English,,,,,,,,
3,0,Intrepid Provisioner,Shadows over Innistrad,213,Near Mint,English,,,,,,,,
1,0,Invasive Surgery,Shadows over Innistrad,68,Near Mint,English,,,,,,,,
1,0,Inventor's Apprentice,Kaladesh,120,Near Mint,English,,,,,,,,
4,0,Inventor's Goggles,Kaladesh,218,Near Mint,English,,,,,,,,
1,0,Invigorated Rampage,Aether Revolt,86,Near Mint,English,,,,,,,,
1,0,Invocation of Saint Traft,Shadows over Innistrad,246,Near Mint,English,,,,,,,,
2,0,Iron League Steed,Kaladesh,219,Near Mint,English,,,,,,,,
2,0,Ironclad Slayer,Eldritch Moon,31,Near Mint,English,,,,,,,,0
4,0,Ironwright's Cleansing,Eldritch Moon,32,Near Mint,English,,,,,,,,0
1,0,Island,Dragons of Tarkir,253,Near Mint,English,,,,,,,,0
1,0,Island,Magic Origins,258,Near Mint,English,,,,,,,,0
7,0,Island,Shadows over Innistrad,286,Near Mint,English,,,,,,,,
9,0,Island,Shadows over Innistrad,287,Near Mint,English,,,,,,,,0
7,0,Island,Shadows over Innistrad,288,Near Mint,English,,,,,,,,0
6,0,Island,Kaladesh,253,Near Mint,English,,,,,,,,0
9,0,Island,Kaladesh,254,Near Mint,English,,,,,,,,0
4,0,Island,Kaladesh,255,Near Mint,English,,,,,,,,0
9,0,It of the Horrid Swarm,Eldritch Moon,8,Near Mint,English,,,,,,,,
3,0,Jace's Scrutiny,Shadows over Innistrad,70,Near Mint,English,,,,,,,,
2,0,Jaddi Lifestrider,Duel Decks: Nissa vs. Ob Nixilis,12,Near Mint,English,,,,,,,,0
4,0,Janjeet Sentry,Kaladesh,53,Near Mint,English,,,,,,,,
1,0,Jungle Hollow,Commander 2016,303,Near Mint,English,,,,,,,,0
1,0,Just the Wind,Shadows over Innistrad,71,Near Mint,English,,,,,,,,
1,0,"Kari Zev, Skyship Raider",Aether Revolt,87,Near Mint,English,,,,,,,,
3,0,Kessig Dire Swine,Shadows over Innistrad,214,Near Mint,English,,,,,,,,
1,0,Kessig Prowler,Eldritch Moon,163,Near Mint,English,,,,,,,,
1,0,Key to the City,Kaladesh,220,Near Mint,English,,,,,,,,
2,0,Khalni Garden,Duel Decks: Nissa vs. Ob Nixilis,28,Near Mint,English,,,,,,,,0
2,0,Kindly Stranger,Shadows over Innistrad,119,Near Mint,English,,,,,,,,0
4,0,Kujar Seedsculptor,Kaladesh,159,Near Mint,English,,,,,,,,
1,0,"Kydele, Chosen of Kruphix",Commander 2016,35,Near Mint,English,,,,,,,,0
4,0,Laboratory Brute,Eldritch Moon,67,Near Mint,English,,,,,,,,
3,0,Lamplighter of Selhoff,Shadows over Innistrad,72,Near Mint,English,,,,,,,,
3,0,Larger Than Life,Kaladesh,160,Near Mint,English,,,,,,,,
1,0,Lashweed Lurker,Eldritch Moon,9,Near Mint,English,,,,,,,,
1,0,Lathnu Sailback,Aether Revolt,89,Near Mint,English,,,,,,,,
4,0,Lawless Broker,Kaladesh,86,Near Mint,English,,,,,,,,
4,0,Leaf Gilder,Magic Origins,184,Near Mint,English,,,,,,,,
2,0,Leechridden Swamp,Duel Decks: Nissa vs. Ob Nixilis,65,Near Mint,English,,,,,,,,0
1,0,Lifecraft Awakening,Aether Revolt,112,Near Mint,English,,,,,,,,
1,0,Lifecrafter's Bestiary,Aether Revolt,162,Near Mint,English,,,,,,,,
3,0,Lightning Axe,Shadows over Innistrad,170,Near Mint,English,,,,,,,,
1,0,Liliana's Elite,Eldritch Moon,94,Near Mint,English,,,,,,,,
3,0,Liliana's Indignation,Shadows over Innistrad,120,Near Mint,English,,,,,,,,0
2,0,"Liliana, the Last Hope",Eldritch Moon,93,Near Mint,English,,,,,,,,
3,0,Live Fast,Kaladesh,87,Near Mint,English,,,,,,,,
3,0,Loam Dryad,Shadows over Innistrad,216,Near Mint,English,,,,,,,,0
1,0,Lone Rider,Eldritch Moon,33,Near Mint,English,,,,,,,,
2,0,Long Road Home,Eldritch Moon,34,Near Mint,English,,,,,,,,
3,0,Longtusk Cub,Kaladesh,161,Near Mint,English,,,,,,,,
4,0,Lumbering Falls,Battle for Zendikar,239,Near Mint,English,,,,,,,,
1,0,Lunar Force,Eldritch Moon,68,Near Mint,English,,,,,,,,
9,0,Lunarch Mantle,Eldritch Moon,35,Near Mint,English,,,,,,,,
2,0,Macabre Waltz,Shadows over Innistrad,121,Near Mint,English,,,,,,,,0
1,0,Magmatic Chasm,Shadows over Innistrad,172,Near Mint,English,,,,,,,,0
12,0,Make Mischief,Eldritch Moon,135,Near Mint,English,,,,,,,,0
2,0,Malevolent Whispers,Shadows over Innistrad,173,Near Mint,English,,,,,,,,
6,0,Malfunction,Kaladesh,55,Near Mint,English,,,,,,,,
3,0,Markov Crusader,Eldritch Moon,95,Near Mint,English,,,,,,,,0
1,0,Master Trinketeer,Kaladesh,21,Near Mint,English,,,,,,,,
4,0,Matter Reshaper,Oath of the Gatewatch,6,Near Mint,English,,,,,,,,
3,0,Maulfist Doorbuster,Kaladesh,123,Near Mint,English,,,,,,,,
4,0,Maulfist Squad,Kaladesh,91,Near Mint,English,,,,,,,,
3,0,Mausoleum Wanderer,Eldritch Moon,69,Near Mint,English,,,,,,,,
2,0,Merciless Resolve,Shadows over Innistrad,123,Near Mint,English,,,,,,,,0
4,0,Mercurial Geists,Eldritch Moon,186,Near Mint,English,,,,,,,,
1,0,Metallic Rebuke,Aether Revolt,39,Near Mint,English,,,,,,,,
1,0,Metallurgic Summonings,Prerelease Events: Kaladesh,56,Near Mint,English,foil,,,,,,,0
2,0,Metalspinner's Puzzleknot,Kaladesh,221,Near Mint,English,,,,,,,,
2,0,Metalwork Colossus,Kaladesh,222,Near Mint,English,,,,,,,,
3,0,Midnight Scavengers,Eldritch Moon,96,Near Mint,English,,,,,,,,
5,0,Might Beyond Reason,Shadows over Innistrad,217,Near Mint,English,,,,,,,,0
1,0,Militant Inquisitor,Shadows over Innistrad,26,Near Mint,English,,,,,,,,
4,0,Mind Rot,Kaladesh,93,Near Mint,English,,,,,,,,
4,0,Minister of Inquiries,Kaladesh,57,Near Mint,English,,,,,,,,
1,0,Mire's Toll,Duel Decks: Nissa vs. Ob Nixilis,55,Near Mint,English,,,,,,,,0
1,0,Mirrorwing Dragon,Eldritch Moon,136,Mint,English,,,,,,,,0
3,0,Mockery of Nature,Eldritch Moon,10,Near Mint,English,,,,,,,,
4,0,Moldgraf Scavenger,Shadows over Innistrad,218,Near Mint,English,,,,,,,,0
1,0,Monstrous Onslaught,Aether Revolt,116,Near Mint,English,,,,,,,,
1,0,Moonlight Hunt,Shadows over Innistrad,219,Near Mint,English,,,,,,,,
1,0,Moorland Drifter,Shadows over Innistrad,27,Near Mint,English,,,,,,,,
1,0,Morbid Curiosity,Kaladesh,94,Near Mint,English,,,,,,,,
2,0,Morkrut Necropod,Shadows over Innistrad,125,Near Mint,English,,,,,,,,0
1,0,Mosswort Bridge,Duel Decks: Nissa vs. Ob Nixilis,29,Near Mint,English,,,,,,,,0
1,0,Mountain,Scars of Mirrodin,243,Near Mint,English,,,,,,,,0
1,0,Mountain,Battle for Zendikar,267,Near Mint,English,,,,,,,,0
8,0,Mountain,Shadows over Innistrad,292,Near Mint,English,,,,,,,,
11,0,Mountain,Shadows over Innistrad,293,Near Mint,English,,,,,,,,0
7,0,Mountain,Shadows over Innistrad,294,Near Mint,English,,,,,,,,0
13,0,Mountain,Kaladesh,259,Near Mint,English,,,,,,,,
3,0,Mountain,Kaladesh,260,Near Mint,English,,,,,,,,0
3,0,Mountain,Kaladesh,261,Near Mint,English,,,,,,,,0
1,0,Mournwillow,Eldritch Moon,187,Near Mint,English,,,,,,,,
1,0,Multiform Wonder,Kaladesh,223,Near Mint,English,foil,,,,,,,0
1,0,Multiform Wonder,Kaladesh,223,Near Mint,English,,,,,,,,
2,0,Murder,Eldritch Moon,97,Near Mint,English,,,,,,,,0
2,0,Murderer's Axe,Shadows over Innistrad,259,Near Mint,English,,,,,,,,
1,0,Murderous Compulsion,Shadows over Innistrad,126,Near Mint,English,,,,,,,,
2,0,Nagging Thoughts,Shadows over Innistrad,74,Near Mint,English,,,,,,,,0
1,0,Nahiri's Machinations,Shadows over Innistrad,28,Near Mint,English,,,,,,,,0
7,0,Narnam Cobra,Kaladesh,224,Near Mint,English,,,,,,,,
1,0,Narnam Renegade,Aether Revolt,117,Near Mint,English,foil,,,,,,,0
1,0,Nath of the Gilt-Leaf,Commander 2016,213,Near Mint,English,,,,,,,,0
1,0,Natural Connection,Duel Decks: Nissa vs. Ob Nixilis,13,Near Mint,English,,,,,,,,0
1,0,Natural Obsolescence,Aether Revolt,118,Near Mint,English,,,,,,,,
3,0,Nature's Way,Kaladesh,162,Near Mint,English,,,,,,,,
1,0,Nearheath Chaplain,Shadows over Innistrad,29,Near Mint,English,,,,,,,,
5,0,Nebelgast Herald,Eldritch Moon,71,Near Mint,English,,,,,,,,
1,0,Negate,Aether Revolt,40,Near Mint,English,,,,,,,,
1,0,Neglected Heirloom,Shadows over Innistrad,260,Near Mint,English,,,,,,,,
4,0,Nephalia Academy,Eldritch Moon,205,Near Mint,English,,,,,,,,0
1,0,Niblis of Dusk,Shadows over Innistrad,76,Near Mint,English,,,,,,,,0
1,0,Night Market Aeronaut,Aether Revolt,67,Near Mint,English,,,,,,,,
5,0,Night Market Lookout,Kaladesh,95,Near Mint,English,,,,,,,,
4,0,Nimble Innovator,Kaladesh,58,Near Mint,English,,,,,,,,
4,0,Ninth Bridge Patrol,Kaladesh,22,Near Mint,English,,,,,,,,
1,0,Nissa's Chosen,Duel Decks: Nissa vs. Ob Nixilis,14,Near Mint,English,,,,,,,,0
1,0,"Nissa, Vital Force",Kaladesh,163,Near Mint,English,,,,,,,,
1,0,"Nissa, Voice of Zendikar",Duel Decks: Nissa vs. Ob Nixilis,1,Near Mint,English,,,,,,,,0
2,0,Noose Constrictor,Eldritch Moon,164,Near Mint,English,,,,,,,,
2,0,Not Forgotten,Shadows over Innistrad,30,Near Mint,English,,,,,,,,
1,0,Oakgnarl Warrior,Duel Decks: Nissa vs. Ob Nixilis,15,Near Mint,English,,,,,,,,0
1,0,Oath of Liliana,Eldritch Moon,99,Near Mint,English,,,,,,,,
1,0,Ob Nixilis Reignited,Duel Decks: Nissa vs. Ob Nixilis,36,Near Mint,English,,,,,,,,0
2,0,Obsessive Skinner,Shadows over Innistrad,220,Near Mint,English,,,,,,,,0
4,0,Olivia's Bloodsworn,Shadows over Innistrad,127,Near Mint,English,,,,,,,,
2,0,Olivia's Dragoon,Eldritch Moon,100,Near Mint,English,,,,,,,,0
1,0,Olivia's Dragoon,Eldritch Moon,100,Near Mint,English,foil,,,,,,,0
3,0,"Olivia, Mobilized for War",Shadows over Innistrad,248,Near Mint,English,,,,,,,,
1,0,Opulent Palace,Commander 2016,313,Near Mint,English,,,,,,,,0
1,0,Oran-Rief Hydra,Duel Decks: Nissa vs. Ob Nixilis,16,Near Mint,English,,,,,,,,0
1,0,Oran-Rief Invoker,Duel Decks: Nissa vs. Ob Nixilis,17,Near Mint,English,,,,,,,,0
8,0,Ornamental Courage,Kaladesh,164,Near Mint,English,,,,,,,,
8,0,Otherworldly Outburst,Eldritch Moon,138,Near Mint,English,,,,,,,,0
4,0,Ovalchase Dragster,Kaladesh,225,Near Mint,English,,,,,,,,
1,0,"Oviya Pashiri, Sage Lifecrafter",Prerelease Events: Kaladesh,165,Near Mint,English,foil,,,,,,,0
1,0,Pacification Array,Aether Revolt,168,Near Mint,English,,,,,,,,
1,0,Pack Guardian,Shadows over Innistrad,221,Near Mint,English,,,,,,,,
2,0,Panharmonicon,Kaladesh,226,Near Mint,English,,,,,,,,
1,0,Paranoid Parish-Blade,Shadows over Innistrad,33,Near Mint,English,,,,,,,,
1,0,Parting Thoughts,Commander 2016,15,Near Mint,English,,,,,,,,0
1,0,Past in Flames,Commander 2016,131,Near Mint,English,,,,,,,,0
4,0,Peace of Mind,Eldritch Moon,36,Near Mint,English,,,,,,,,
3,0,Peema Outrider,Kaladesh,166,Near Mint,English,,,,,,,,
1,0,Perpetual Timepiece,Kaladesh,227,Near Mint,English,,,,,,,,
1,0,Pestilence Demon,Duel Decks: Nissa vs. Ob Nixilis,56,Near Mint,English,,,,,,,,0
1,0,Pia's Revolution,Aether Revolt,91,Near Mint,English,,,,,,,,
1,0,Pieces of the Puzzle,Shadows over Innistrad,78,Near Mint,English,,,,,,,,0
1,0,Plains,Return to Ravnica,251,Near Mint,English,,,,,,,,0
2,0,Plains,Magic 2015 Core Set,250,Near Mint,English,,,,,,,,0
7,0,Plains,Shadows over Innistrad,283,Near Mint,English,,,,,,,,0
5,0,Plains,Shadows over Innistrad,284,Near Mint,English,,,,,,,,0
8,0,Plains,Shadows over Innistrad,285,Near Mint,English,,,,,,,,
5,0,Plains,Kaladesh,250,Near Mint,English,,,,,,,,0
6,0,Plains,Kaladesh,251,Near Mint,English,,,,,,,,0
3,0,Plains,Kaladesh,252,Near Mint,English,,,,,,,,
2,0,Prakhata Club Security,Kaladesh,98,Near Mint,English,,,,,,,,
2,0,Prakhata Pillar-Bug,Kaladesh,228,Near Mint,English,,,,,,,,
2,0,Press for Answers,Shadows over Innistrad,80,Near Mint,English,,,,,,,,
4,0,Pressure Point,Kaladesh,23,Near Mint,English,,,,,,,,
4,0,Prey Upon,Eldritch Moon,166,Near Mint,English,,,,,,,,0
1,0,Prey Upon,Aether Revolt,120,Near Mint,English,,,,,,,,
1,0,Priest of the Blood Rite,Duel Decks: Nissa vs. Ob Nixilis,57,Near Mint,English,,,,,,,,0
5,0,Primal Druid,Eldritch Moon,167,Near Mint,English,,,,,,,,0
4,0,Prized Amalgam,Shadows over Innistrad,249,Near Mint,English,,,,,,,,
1,0,Prizefighter Construct,Aether Revolt,172,Near Mint,English,,,,,,,,
2,0,Propeller Pioneer,Kaladesh,24,Near Mint,English,,,,,,,,
8,0,Prophetic Prism,Kaladesh,229,Near Mint,English,,,,,,,,
7,0,Prophetic Ravings,Eldritch Moon,139,Near Mint,English,,,,,,,,
1,0,Providence,Eldritch Moon,37,Near Mint,English,foil,,,,,,,0
2,0,Prying Questions,Eldritch Moon,101,Near Mint,English,,,,,,,,
3,0,Puncturing Light,Shadows over Innistrad,35,Near Mint,English,,,,,,,,0
2,0,Quest for the Gravelord,Duel Decks: Nissa vs. Ob Nixilis,58,Near Mint,English,,,,,,,,0
2,0,Quicksmith Genius,Kaladesh,125,Near Mint,English,,,,,,,,
1,0,Quicksmith Spy,Aether Revolt,41,Near Mint,English,,,,,,,,
1,0,Quilled Wolf,Shadows over Innistrad,222,Near Mint,English,,,,,,,,
2,0,Rabid Bite,Shadows over Innistrad,223,Near Mint,English,,,,,,,,0
1,0,Rakdos Carnarium,Commander 2016,315,Near Mint,English,,,,,,,,0
1,0,Rakdos Charm,Commander 2016,218,Near Mint,English,,,,,,,,0
1,0,Rakdos Signet,Commander 2016,268,Near Mint,English,,,,,,,,0
1,0,"Rashmi, Eternities Crafter",Kaladesh,184,Near Mint,English,,,,,,,,
1,0,Ravenous Bloodseeker,Media Inserts,115,Near Mint,English,foil,,,,,,,0
4,0,Ravenous Bloodseeker,Shadows over Innistrad,175,Near Mint,English,,,,,,,,
7,0,Reckless Fireweaver,Kaladesh,126,Near Mint,English,,,,,,,,
1,0,Reckless Racer,Aether Revolt,95,Near Mint,English,,,,,,,,
1,0,Reduce to Ashes,Shadows over Innistrad,176,Near Mint,English,,,,,,,,
1,0,Reforge the Soul,Commander 2016,132,Near Mint,English,,,,,,,,0
3,0,Refurbish,Kaladesh,25,Near Mint,English,,,,,,,,
1,0,Reliquary Tower,Commander 2016,316,Near Mint,English,,,,,,,,0
1,0,Renegade Demon,Duel Decks: Nissa vs. Ob Nixilis,59,Near Mint,English,,,,,,,,0
4,0,Renegade Freighter,Kaladesh,230,Near Mint,English,,,,,,,,
4,0,Renegade Tactics,Kaladesh,127,Near Mint,English,,,,,,,,
2,0,Repel the Abominable,Eldritch Moon,38,Near Mint,English,,,,,,,,
1,0,Repel the Abominable,Eldritch Moon,38,Mint,English,foil,,,,,,,0
1,0,Reservoir Walker,Aether Revolt,174,Near Mint,English,,,,,,,,
1,0,Resourceful Return,Aether Revolt,70,Near Mint,English,,,,,,,,
1,0,Restoration Gearsmith,Kaladesh,185,Near Mint,English,,,,,,,,
5,0,Revoke Privileges,Kaladesh,26,Near Mint,English,,,,,,,,
4,0,Revolutionary Rebuff,Kaladesh,61,Near Mint,English,,,,,,,,
1,0,Ridgescale Tusker,Aether Revolt,121,Near Mint,English,,,,,,,,
7,0,Riparian Tiger,Kaladesh,167,Near Mint,English,,,,,,,,
1,0,Rise from the Grave,Eldritch Moon,102,Near Mint,English,,,,,,,,
1,0,Rise from the Tides,Shadows over Innistrad,83,Near Mint,English,,,,,,,,
1,0,Rogue Refiner,Aether Revolt,135,Near Mint,English,,,,,,,,
3,0,Root Out,Shadows over Innistrad,224,Near Mint,English,,,,,,,,
2,0,Rottenheart Ghoul,Shadows over Innistrad,132,Near Mint,English,,,,,,,,
1,0,Rugged Highlands,Commander 2016,318,Near Mint,English,,,,,,,,0
2,0,Ruinous Gremlin,Kaladesh,128,Near Mint,English,,,,,,,,
1,0,Runaway Carriage,Shadows over Innistrad,261,Near Mint,English,,,,,,,,
1,0,Runehorn Hellkite,Commander 2016,20,Near Mint,English,,,,,,,,0
1,0,Rupture Spire,Commander 2016,319,Near Mint,English,,,,,,,,0
1,0,Rush of Adrenaline,Shadows over Innistrad,177,Near Mint,English,,,,,,,,
4,0,Rush of Vitality,Kaladesh,99,Near Mint,English,,,,,,,,
3,0,Ruthless Disposal,Eldritch Moon,103,Near Mint,English,,,,,,,,
1,0,Saddleback Lagac,Duel Decks: Nissa vs. Ob Nixilis,18,Near Mint,English,,,,,,,,0
3,0,Sage of Shaila's Claim,Kaladesh,168,Near Mint,English,,,,,,,,
1,0,Saheeli Rai,Kaladesh,186,Near Mint,English,,,,,,,,
4,0,Salivating Gremlins,Kaladesh,129,Near Mint,English,,,,,,,,
4,0,Sanctum of Ugin,Battle for Zendikar,242,Near Mint,English,,,,,,,,
1,0,Sangromancer,Commander 2016,116,Near Mint,English,,,,,,,,0
2,0,Sanguinary Mage,Shadows over Innistrad,178,Near Mint,English,,,,,,,,0
1,0,Sanitarium Skeleton,Shadows over Innistrad,133,Near Mint,English,,,,,,,,
1,0,Satyr Wayfinder,Commander 2016,165,Near Mint,English,,,,,,,,0
2,0,Savage Alliance,Eldritch Moon,140,Near Mint,English,,,,,,,,
1,0,Savage Lands,Commander 2016,321,Near Mint,English,,,,,,,,0
2,0,Scour the Laboratory,Eldritch Moon,73,Near Mint,English,,,,,,,,
1,0,Scrap Trawler,Aether Revolt,175,Near Mint,English,,,,,,,,
3,0,Scrapheap Scrounger,Kaladesh,231,Near Mint,English,,,,,,,,0
1,0,Scrounging Bandar,Aether Revolt,124,Near Mint,English,,,,,,,,
2,0,Scythe Leopard,Duel Decks: Nissa vs. Ob Nixilis,19,Near Mint,English,,,,,,,,0
1,0,Seagraf Skaab,Shadows over Innistrad,84,Near Mint,English,,,,,,,,0
1,0,Seek the Horizon,Duel Decks: Nissa vs. Ob Nixilis,20,Near Mint,English,,,,,,,,0
2,0,Select for Inspection,Kaladesh,63,Near Mint,English,,,,,,,,
4,0,Self-Assembler,Kaladesh,232,Near Mint,English,,,,,,,,
4,0,Senseless Rage,Shadows over Innistrad,180,Near Mint,English,,,,,,,,0
2,0,Sequestered Stash,Kaladesh,248,Near Mint,English,,,,,,,,
1,0,Servant of the Conduit,Kaladesh,169,Near Mint,English,,,,,,,,
1,0,Servo Exhibition,Kaladesh,27,Near Mint,English,,,,,,,,
1,0,Shadowblood Ridge,Commander 2016,325,Near Mint,English,,,,,,,,0
1,0,Shadows of the Past,Duel Decks: Nissa vs. Ob Nixilis,60,Near Mint,English,,,,,,,,0
2,0,Shamble Back,Shadows over Innistrad,134,Near Mint,English,,,,,,,,0
4,0,Shard of Broken Glass,Shadows over Innistrad,262,Near Mint,English,,,,,,,,
2,0,Shock,Aether Revolt,98,Near Mint,English,,,,,,,,
3,0,Shreds of Sanity,Eldritch Moon,141,Near Mint,English,,,,,,,,0
1,0,Shrewd Negotiation,Kaladesh,64,Near Mint,English,,,,,,,,
3,0,Shrill Howler,Eldritch Moon,168,Near Mint,English,,,,,,,,
1,0,Sigarda's Aid,Eldritch Moon,41,Near Mint,English,,,,,,,,
7,0,Sigardian Priest,Eldritch Moon,42,Near Mint,English,,,,,,,,
1,0,Silburlind Snapper,Shadows over Innistrad,85,Near Mint,English,,,,,,,,
1,0,Silkweaver Elite,Aether Revolt,125,Near Mint,English,,,,,,,,
2,0,Silverstrike,Shadows over Innistrad,37,Near Mint,English,,,,,,,,
1,0,Simic Growth Chamber,Commander 2016,326,Near Mint,English,,,,,,,,0
1,0,Simic Signet,Commander 2016,270,Near Mint,English,,,,,,,,0
1,0,Sinister Concoction,Shadows over Innistrad,135,Near Mint,English,,,,,,,,0
1,0,Skin Invasion,Shadows over Innistrad,182,Near Mint,English,,,,,,,,0
1,0,Skirsdag Supplicant,Eldritch Moon,104,Near Mint,English,,,,,,,,
3,0,Sky Skiff,Kaladesh,233,Near Mint,English,,,,,,,,
1,0,Skyship Stalker,Kaladesh,130,Near Mint,English,,,,,,,,
6,0,Skyswirl Harrier,Kaladesh,28,Near Mint,English,,,,,,,,
2,0,Slayer's Cleaver,Eldritch Moon,198,Near Mint,English,,,,,,,,0
1,0,Sleep Paralysis,Shadows over Innistrad,87,Near Mint,English,,,,,,,,
2,0,Smallpox,Duel Decks: Nissa vs. Ob Nixilis,61,Near Mint,English,,,,,,,,0
4,0,Smoldering Werewolf,Eldritch Moon,142,Near Mint,English,,,,,,,,
1,0,Smuggler's Copter,Kaladesh,235,Near Mint,English,,,,,,,,
1,0,Snare Thopter,Kaladesh,236,Near Mint,English,,,,,,,,
1,0,Sol Ring,Commander 2016,272,Near Mint,English,,,,,,,,0
3,0,Solitary Hunter,Shadows over Innistrad,229,Near Mint,English,,,,,,,,0
6,0,Somberwald Stag,Eldritch Moon,169,Near Mint,English,,,,,,,,
2,0,Soul Separator,Eldritch Moon,199,Near Mint,English,,,,,,,,
1,0,Soul Swallower,Intro Pack Alternate Art,33,Near Mint,English,foil,,,,,,,0
1,0,Spark of Creativity,Kaladesh,131,Near Mint,English,,,,,,,,
5,0,Spectral Reserves,Eldritch Moon,43,Near Mint,English,,,,,,,,
2,0,Speedway Fanatic,Kaladesh,132,Near Mint,English,,,,,,,,
1,0,Spell Queller,Eldritch Moon,189,Near Mint,English,,,,,,,,
1,0,Spellheart Chimera,Commander 2016,222,Near Mint,English,,,,,,,,0
1,0,Spelltwine,Commander 2016,97,Near Mint,English,,,,,,,,0
3,0,Spider,Extras: Eldritch Moon,8,Near Mint,English,,,,,,,,0
1,0,Spirebluff Canal,Kaladesh,249,Near Mint,English,,,,,,,,
8,0,Spireside Infiltrator,Kaladesh,133,Near Mint,English,,,,,,,,
9,0,Spirit,Extras: Shadows over Innistrad,3,Near Mint,English,,,,,,,,0
1,0,Spirit of the Hunt,Eldritch Moon,170,Near Mint,English,,,,,,,,
3,0,Spontaneous Artist,Kaladesh,134,Near Mint,English,,,,,,,,
1,0,Spontaneous Artist,Kaladesh,134,Near Mint,English,foil,,,,,,,0
6,0,Spontaneous Mutation,Eldritch Moon,74,Near Mint,English,,,,,,,,
4,0,Springsage Ritual,Eldritch Moon,172,Near Mint,English,,,,,,,,
1,0,Squelching Leeches,Duel Decks: Nissa vs. Ob Nixilis,62,Near Mint,English,,,,,,,,0
5,0,Stallion of Ashmouth,Shadows over Innistrad,136,Near Mint,English,,,,,,,,
1,0,Start Your Engines,Kaladesh,135,Near Mint,English,,,,,,,,
1,0,Steadfast Cathar,Eldritch Moon,44,Near Mint,English,,,,,,,,
7,0,Stensia Banquet,Eldritch Moon,144,Near Mint,English,,,,,,,,
11,0,Stensia Innkeeper,Eldritch Moon,145,Near Mint,English,,,,,,,,
5,0,Stensia Masquerade,Shadows over Innistrad,184,Near Mint,English,,,,,,,,
3,0,Stern Constable,Shadows over Innistrad,39,Near Mint,English,,,,,,,,
3,0,Stitched Mangler,Shadows over Innistrad,89,Near Mint,English,,,,,,,,0
1,0,Stitchwing Skaab,Shadows over Innistrad,90,Near Mint,English,,,,,,,,
3,0,Stoic Builder,Shadows over Innistrad,231,Near Mint,English,,,,,,,,
1,0,Stoic Builder,Shadows over Innistrad,231,Near Mint,English,foil,,,,,,,0
3,0,Stone Quarry,Shadows over Innistrad,279,Near Mint,English,,,,,,,,0
1,0,Stone Quarry,Shadows over Innistrad,279,Near Mint,English,foil,,,,,,,0
3,0,Stormrider Spirit,Shadows over Innistrad,91,Near Mint,English,,,,,,,,
4,0,Strange Augmentation,Eldritch Moon,105,Near Mint,English,,,,,,,,0
1,0,Strength of Arms,Shadows over Innistrad,40,Near Mint,English,,,,,,,,
4,0,Stromkirk Condemned,Eldritch Moon,106,Near Mint,English,,,,,,,,
1,0,Stromkirk Mentor,Shadows over Innistrad,137,Near Mint,English,,,,,,,,
4,0,Stromkirk Occultist,Eldritch Moon,146,Near Mint,English,,,,,,,,
3,0,Structural Distortion,Shadows over Innistrad,185,Near Mint,English,,,,,,,,
4,0,Subtle Strike,Kaladesh,100,Near Mint,English,,,,,,,,
6,0,Succumb to Temptation,Eldritch Moon,107,Near Mint,English,,,,,,,,
2,0,Summary Dismissal,Eldritch Moon,75,Near Mint,English,,,,,,,,
4,0,Sunken Hollow,Battle for Zendikar,249,Near Mint,English,,,,,,,,
1,0,Survive the Night,Shadows over Innistrad,41,Near Mint,English,,,,,,,,
11,0,Swamp,Shadows over Innistrad,289,Near Mint,English,,,,,,,,0
11,0,Swamp,Shadows over Innistrad,290,Near Mint,English,,,,,,,,
10,0,Swamp,Shadows over Innistrad,291,Near Mint,English,,,,,,,,0
4,0,Swamp,Kaladesh,256,Near Mint,English,,,,,,,,0
4,0,Swamp,Kaladesh,257,Near Mint,English,,,,,,,,0
31,0,Swamp,Kaladesh,258,Near Mint,English,,,,,,,,
6,0,Swift Spinner,Eldritch Moon,173,Near Mint,English,,,,,,,,
1,0,Swiftwater Cliffs,Commander 2016,330,Near Mint,English,,,,,,,,0
4,0,Take Down,Kaladesh,170,Near Mint,English,,,,,,,,
7,0,Take Inventory,Eldritch Moon,76,Near Mint,English,,,,,,,,0
1,0,"Tamiyo, Field Researcher",Eldritch Moon,190,Mint,English,,,,,,,,0
6,0,Tasseled Dromedary,Kaladesh,30,Near Mint,English,,,,,,,,
8,0,Tattered Haunter,Eldritch Moon,77,Near Mint,English,,,,,,,,0
1,0,Tendrils of Corruption,Duel Decks: Nissa vs. Ob Nixilis,63,Near Mint,English,,,,,,,,0
1,0,Terramorphic Expanse,Commander 2016,332,Near Mint,English,,,,,,,,0
6,0,Terrarion,Eldritch Moon,201,Near Mint,English,,,,,,,,0
2,0,Territorial Gorger,Kaladesh,136,Near Mint,English,,,,,,,,
2,0,Terror of the Fairgrounds,Kaladesh,137,Near Mint,English,,,,,,,,
4,0,Tezzeret's Ambition,Kaladesh,65,Near Mint,English,,,,,,,,
1,0,Thalia's Lancers,Eldritch Moon,47,Near Mint,English,,,,,,,,
1,0,"Thalia, Heretic Cathar",Eldritch Moon,46,Near Mint,English,,,,,,,,
6,0,Thermo-Alchemist,Eldritch Moon,147,Near Mint,English,,,,,,,,
1,0,Thicket Elemental,Duel Decks: Nissa vs. Ob Nixilis,21,Near Mint,English,,,,,,,,0
2,0,Thirsting Axe,Eldritch Moon,202,Near Mint,English,,,,,,,,0
1,0,Thirsting Axe,Eldritch Moon,202,Near Mint,English,foil,,,,,,,0
1,0,Thornhide Wolves,Shadows over Innistrad,232,Near Mint,English,,,,,,,,
2,0,Thornweald Archer,Duel Decks: Nissa vs. Ob Nixilis,22,Near Mint,English,,,,,,,,0
1,0,Thornwood Falls,Commander 2016,333,Near Mint,English,,,,,,,,0
7,0,Thraben Foulbloods,Eldritch Moon,108,Near Mint,English,,,,,,,,0
1,0,Thraben Gargoyle,Shadows over Innistrad,266,Near Mint,English,,,,,,,,
9,0,Thraben Standard Bearer,Eldritch Moon,48,Near Mint,English,,,,,,,,0
1,0,"Thrasios, Triton Hero",Commander 2016,46,Near Mint,English,,,,,,,,0
4,0,Thriving Grubs,Kaladesh,138,Near Mint,English,,,,,,,,
3,0,Thriving Ibex,Kaladesh,31,Near Mint,English,,,,,,,,
3,0,Thriving Rats,Kaladesh,102,Near Mint,English,,,,,,,,
4,0,Thriving Rhino,Kaladesh,171,Near Mint,English,,,,,,,,
2,0,Thriving Turtle,Kaladesh,66,Near Mint,English,,,,,,,,
1,0,Throttle,Shadows over Innistrad,138,Near Mint,English,,,,,,,,0
4,0,Tidy Conclusion,Kaladesh,103,Near Mint,English,,,,,,,,
2,0,Tooth Collector,Shadows over Innistrad,140,Near Mint,English,,,,,,,,0
1,0,Topplegeist,Shadows over Innistrad,45,Near Mint,English,,,,,,,,
3,0,Torch Gauntlet,Kaladesh,237,Near Mint,English,,,,,,,,
1,0,Tormenting Voice,Khans of Tarkir,123,Near Mint,English,,,,,,,,0
5,0,Tormenting Voice,Shadows over Innistrad,186,Near Mint,English,,,,,,,,0
1,0,Torrential Gearhulk,Kaladesh,67,Near Mint,English,,,,,,,,
1,0,Town Gossipmonger,Shadows over Innistrad,46,Near Mint,English,,,,,,,,
1,0,Trail of Evidence,Shadows over Innistrad,93,Near Mint,English,,,,,,,,
1,0,Treacherous Terrain,Commander 2016,47,Near Mint,English,,,,,,,,0
1,0,Treasure Cruise,Commander 2016,101,Near Mint,English,,,,,,,,0
1,0,Treetop Village,Duel Decks: Nissa vs. Ob Nixilis,30,Near Mint,English,,,,,,,,0
2,0,Trusty Companion,Kaladesh,33,Near Mint,English,,,,,,,,
4,0,Turn Aside,Eldritch Moon,78,Near Mint,English,,,,,,,,0
2,0,Twins of Maurer Estate,Shadows over Innistrad,142,Near Mint,English,,,,,,,,
1,0,Ulrich of the Krallenhorde,Prerelease Events: Eldritch Moon,191,Near Mint,English,,,,,,,,0
3,0,Ulrich of the Krallenhorde,Eldritch Moon,191,Near Mint,English,,,,,,,,
1,0,Ulvenwald Captive,Eldritch Moon,175,Near Mint,English,foil,,,,,,,0
6,0,Ulvenwald Captive,Eldritch Moon,175,Near Mint,English,,,,,,,,0
2,0,Uncaged Fury,Shadows over Innistrad,188,Near Mint,English,,,,,,,,
1,0,Underhanded Designs,Kaladesh,104,Near Mint,English,,,,,,,,
1,0,Unhallowed Pact,Duel Decks: Nissa vs. Ob Nixilis,64,Near Mint,English,,,,,,,,0
2,0,Uninvited Geist,Shadows over Innistrad,94,Near Mint,English,,,,,,,,
1,0,Universal Solvent,Aether Revolt,178,Near Mint,English,,,,,,,,
1,0,Unlicensed Disintegration,Kaladesh,187,Near Mint,English,,,,,,,,
2,0,Unruly Mob,Shadows over Innistrad,47,Near Mint,English,,,,,,,,0
2,0,Unsubstantiate,Magic Game Day Cards,53,Near Mint,English,,,,,,,,0
5,0,Unsubstantiate,Eldritch Moon,79,Near Mint,English,,,,,,,,
5,0,Vampire Cutthroat,Eldritch Moon,110,Near Mint,English,,,,,,,,
4,0,Vampire Noble,Shadows over Innistrad,143,Near Mint,English,,,,,,,,
2,0,Vedalken Blademaster,Kaladesh,68,Near Mint,English,,,,,,,,
1,0,Verdant Automaton,Aether Revolt,180,Near Mint,English,,,,,,,,
1,0,Verdurous Gearhulk,Kaladesh,172,Near Mint,English,,,,,,,,
2,0,Vessel of Ephemera,Shadows over Innistrad,48,Near Mint,English,,,,,,,,
5,0,Vessel of Malignity,Shadows over Innistrad,144,Near Mint,English,,,,,,,,
4,0,Vessel of Nascency,Shadows over Innistrad,237,Near Mint,English,,,,,,,,0
2,0,Vessel of Paramnesia,Shadows over Innistrad,95,Near Mint,English,,,,,,,,0
2,0,Vessel of Volatility,Shadows over Innistrad,189,Near Mint,English,,,,,,,,
1,0,Veteran Cathar,Shadows over Innistrad,238,Near Mint,English,,,,,,,,0
2,0,Veteran Motorist,Kaladesh,188,Near Mint,English,,,,,,,,
2,0,Vexing Scuttler,Eldritch Moon,11,Near Mint,English,,,,,,,,
1,0,Vial Smasher the Fierce,Commander 2016,49,Near Mint,English,,,,,,,,0
4,0,Vildin-Pack Outcast,Eldritch Moon,148,Near Mint,English,,,,,,,,
2,0,Vines of the Recluse,Duel Decks: Nissa vs. Ob Nixilis,23,Near Mint,English,,,,,,,,0
1,0,Volcanic Vision,Commander 2016,137,Near Mint,English,,,,,,,,0
1,0,Voldaren Duelist,Shadows over Innistrad,191,Near Mint,English,,,,,,,,
4,0,Voldaren Pariah,Eldritch Moon,111,Near Mint,English,,,,,,,,
2,0,Voltaic Brawler,Kaladesh,189,Near Mint,English,,,,,,,,
9,0,Wailing Ghoul,Eldritch Moon,112,Near Mint,English,,,,,,,,
1,0,Walker of the Grove,Duel Decks: Nissa vs. Ob Nixilis,24,Near Mint,English,,,,,,,,0
1,0,Wall of Blossoms,Commander 2016,175,Near Mint,English,,,,,,,,0
7,0,Warped Landscape,Shadows over Innistrad,280,Near Mint,English,,,,,,,,0
4,0,Warping Wail,Oath of the Gatewatch,12,Near Mint,English,,,,,,,,
1,0,Waste Not,Commander 2016,117,Near Mint,English,,,,,,,,0
2,0,Watcher in the Web,Shadows over Innistrad,239,Near Mint,English,,,,,,,,
5,0,Waxing Moon,Eldritch Moon,177,Near Mint,English,,,,,,,,0
2,0,Wayward Giant,Kaladesh,139,Near Mint,English,,,,,,,,
2,0,Weaponcraft Enthusiast,Kaladesh,105,Near Mint,English,,,,,,,,
4,0,Weirded Vampire,Eldritch Moon,113,Near Mint,English,,,,,,,,
5,0,Weldfast Monitor,Kaladesh,238,Near Mint,English,,,,,,,,
5,0,Weldfast Wingsmith,Kaladesh,69,Near Mint,English,,,,,,,,
5,0,Welding Sparks,Kaladesh,140,Near Mint,English,,,,,,,,
1,0,Westvale Abbey,Shadows over Innistrad,281,Near Mint,English,,,,,,,,
1,0,Wheel of Fate,Commander 2016,138,Near Mint,English,,,,,,,,0
1,0,Whims of the Fates,Commander 2016,139,Near Mint,English,,,,,,,,0
4,0,Whirler Rogue,Magic Origins,83,Near Mint,English,,,,,,,,
1,0,Whirler Virtuoso,Kaladesh,190,Near Mint,English,,,,,,,,
1,0,Whirlermaker,Kaladesh,239,Near Mint,English,,,,,,,,
1,0,Whispering Madness,Commander 2016,229,Near Mint,English,,,,,,,,0
2,0,Whispers of Emrakul,Eldritch Moon,114,Near Mint,English,,,,,,,,
1,0,Whispersilk Cloak,Commander 2016,280,Near Mint,English,,,,,,,,0
2,0,Wicker Witch,Shadows over Innistrad,268,Near Mint,English,,,,,,,,0
5,0,Wild Wanderer,Kaladesh,173,Near Mint,English,,,,,,,,
2,0,Wild-Field Scarecrow,Shadows over Innistrad,269,Near Mint,English,,,,,,,,0
1,0,Wildest Dreams,Kaladesh,174,Near Mint,English,,,,,,,,
3,0,Wily Bandar,Kaladesh,175,Near Mint,English,,,,,,,,
4,0,Wind Drake,Kaladesh,70,Near Mint,English,,,,,,,,
1,0,Windfall,Commander 2016,104,Near Mint,English,,,,,,,,0
2,0,Wispweaver Angel,Kaladesh,35,Near Mint,English,,,,,,,,
1,0,Wolf,Extras: Shadows over Innistrad,9,Near Mint,English,,,,,,,,
5,0,Wolfkin Bond,Eldritch Moon,178,Near Mint,English,,,,,,,,
1,0,Wood Elves,Duel Decks: Nissa vs. Ob Nixilis,25,Near Mint,English,,,,,,,,0
2,0,Woodborn Behemoth,Duel Decks: Nissa vs. Ob Nixilis,26,Near Mint,English,,,,,,,,0
6,0,Woodcutter's Grit,Eldritch Moon,179,Near Mint,English,,,,,,,,0
12,0,Woodland Patrol,Eldritch Moon,180,Near Mint,English,,,,,,,,
4,0,Woodland Stream,Shadows over Innistrad,282,Near Mint,English,,,,,,,,
3,0,Woodweaver's Puzzleknot,Kaladesh,240,Near Mint,English,,,,,,,,
4,0,Workshop Assistant,Kaladesh,241,Near Mint,English,,,,,,,,
1,0,Worm Harvest,Commander 2016,238,Near Mint,English,,,,,,,,0
1,0,Wrangle,Aether Revolt,101,Near Mint,English,,,,,,,,
1,0,Wretched Gryff,Eldritch Moon,12,Near Mint,English,foil,,,,,,,0
8,0,Wretched Gryff,Eldritch Moon,12,Near Mint,English,,,,,,,,
1,0,"Yidris, Maelstrom Wielder",Oversized: Commander 2016,50,Near Mint,English,,,,,,,,0
1,0,"Yidris, Maelstrom Wielder",Commander 2016,50,Near Mint,English,foil,,,,,,,0
2,0,Zombie,Extras: Shadows over Innistrad,5,Near Mint,English,,,,,,,,0
2,0,Zombie,Extras: Eldritch Moon,3,Near Mint,English,,,,,,,,0
2,0,Zombie,Extras: Eldritch Moon,4,Near Mint,English,,,,,,,,0
1,0,Zombie,Extras: Eldritch Moon,5,Near Mint,English,,,,,,,,0
1,0,Zombie,Extras: Eldritch Moon,6,Near Mint,English,,,,,,,,0
1,0,Zombie,Prerelease Events: Eldritch Moon,1,Near Mint,English,,,,,,,,0
